afiseazaCartilePeStoc ,  12:22 2020/04/24
afiseazaAbonatii ,  12:22 2020/04/24
afiseazaCartilePeStoc ,  10:05 2020/04/25
afiseazaAbonatii ,  10:05 2020/04/25
afiseazaCartilePeStoc ,  10:35 2020/04/25
afiseazaAbonatii ,  10:35 2020/04/25
adaugaAbonat ,  11:32 2020/04/25
adaugaAbonat ,  11:33 2020/04/25
afiseazaAbonatii ,  11:33 2020/04/25
afiseazaCartilePeStoc ,  11:46 2020/04/25
adaugaCarteinStoc ,  11:59 2020/04/25
afiseazaCartilePeStoc ,  11:59 2020/04/25
adaugaCarteinStoc ,  11:59 2020/04/25
afiseazaCartilePeStoc ,  11:59 2020/04/25
scoateCartedinStoc ,  12:05 2020/04/25
scoateCartedinStoc ,  12:06 2020/04/25
afiseazaCartilePeStoc ,  12:06 2020/04/25
cautaCarte ,  12:11 2020/04/25
cautaCarte ,  12:12 2020/04/25
cautaCarteDupaIdCarte ,  12:14 2020/04/25
cautaCarteDupaIdCarte ,  12:15 2020/04/25
cautaCarteDupaIdCarte ,  12:15 2020/04/25
afiseazaCartileImprumutate ,  12:19 2020/04/25
cautaAbonat ,  12:20 2020/04/25
cautaAbonat ,  12:21 2020/04/25
cautaAbonat ,  12:21 2020/04/25
afiseazaCartilePeStoc ,  12:36 2020/04/25
afiseazaAbonatii ,  12:45 2020/04/25
afiseazaCartilePeStoc ,  12:46 2020/04/25
imprumutaCarte ,  12:46 2020/04/25
afiseazaCartileImprumutate ,  12:47 2020/04/25
afiseazaCartileImprumutateDeAbonat  ,  12:47 2020/04/25
imprumutaCarte ,  12:47 2020/04/25
restituieCarte ,  12:48 2020/04/25
afiseazaCartileImprumutate ,  12:48 2020/04/25
afiseazaCartileImprumutateDeAbonat  ,  12:49 2020/04/25
prelungesteTermenImprumut,  12:49 2020/04/25
prelungesteTermenImprumut,  12:54 2020/04/25
prelungesteTermenImprumut,  12:55 2020/04/25
scoateCartedinStoc ,  13:00 2020/04/25
cautaCarte ,  13:00 2020/04/25
imprumutaCarte ,  13:01 2020/04/25
imprumutaCarte ,  13:01 2020/04/25
afiseazaCartilePeStoc ,  13:06 2020/04/25
afiseazaAbonatii ,  13:06 2020/04/25
dezaboneaza  ,  13:18 2020/04/26
afiseazaCartilePeStoc ,  13:18 2020/04/26
afiseazaAbonatii ,  13:19 2020/04/26
adaugaAbonat ,  13:19 2020/04/26
afiseazaAbonatii ,  13:20 2020/04/26
adaugaAbonat ,  13:21 2020/04/26
afiseazaAbonatii ,  13:22 2020/04/26
adaugaAbonat ,  13:22 2020/04/26
afiseazaAbonatii ,  13:22 2020/04/26
afiseazaCartilePeStoc ,  13:23 2020/04/26
imprumutaCarte ,  13:23 2020/04/26
afiseazaCartileImprumutate ,  13:23 2020/04/26
prelungesteTermenImprumut,  13:24 2020/04/26
afiseazaCartileImprumutate ,  13:24 2020/04/26
afiseazaCartileImprumutateDeAbonat  ,  13:24 2020/04/26
afiseazaCartileImprumutateDeAbonat  ,  13:25 2020/04/26
imprumutaCarte ,  13:26 2020/04/26
afiseazaCartileImprumutateDeAbonat  ,  13:26 2020/04/26
prelungesteTermenImprumut,  13:26 2020/04/26
restituieCarte ,  13:27 2020/04/26
afiseazaCartileImprumutate ,  13:27 2020/04/26
imprumutaCarte ,  13:27 2020/04/26
cautaCarteDupaIdCarte ,  13:27 2020/04/26
cautaCarte ,  13:28 2020/04/26
scoateCartedinStoc ,  13:28 2020/04/26
afiseazaCartilePeStoc ,  13:28 2020/04/26
adaugaCarteinStoc ,  13:28 2020/04/26
afiseazaCartilePeStoc ,  13:28 2020/04/26
afiseazaAbonatii ,  13:35 2020/04/26
